{
    "extrinsic": [-0.00914655, -0.9999395,  -0.00611003,  0.01655723, 
        -0.01795226,  0.00627351, -0.99981916, -0.05449602,
        0.99979701, -0.00903521, -0.01800855, -0.02653336, 
            0, 0, 0, 1],
    "intrinsic": [7.6713080167352098e+02, 0.0, 3.2607850339849631e+02, 
                 0.0,7.6616674510910161e+02, 2.6764477372221688e+02, 
                 0.0, 0.0, 1.0]
}
